<?xml version="1.0"?>
<!DOCTYPE hibernate-mapping PUBLIC "-//Hibernate/Hibernate Mapping DTD 3.0//EN"
"http://hibernate.sourceforge.net/hibernate-mapping-3.0.dtd">
<!-- Generated Apr 18, 2020 3:40:22 PM by Hibernate Tools 3.5.0.Final -->
<hibernate-mapping>
    <class name="org.jewellery3.Customer" table="CUSTOMER">
        <id name="id" type="int">
            <column name="ID" />
            <generator class="assigned" />
        </id>
        <property name="Fname" type="java.lang.String">
            <column name="FNAME" />
        </property>
        <property name="Lname" type="java.lang.String">
            <column name="LNAME" />
        </property>
        <property name="phone" type="int">
            <column name="PHONE" />
        </property>
        <property name="gender" type="java.lang.String">
            <column name="GENDER" />
        </property>
        <property name="address" type="java.lang.String">
            <column name="ADDRESS" />
        </property>
    </class>
</hibernate-mapping>
