<?xml version="1.0"?>
<!DOCTYPE hibernate-mapping PUBLIC "-//Hibernate/Hibernate Mapping DTD 3.0//EN"
"http://hibernate.sourceforge.net/hibernate-mapping-3.0.dtd">
<!-- Generated Apr 13, 2020 10:03:39 PM by Hibernate Tools 3.5.0.Final -->
<hibernate-mapping>
    <class name="ewel.Employee" table="employee">
        <id name="id" type="int">
            <column name="EmpId" />
            <generator class="assigned" />
        </id>
        <property name="fname" type="java.lang.String">
            <column name="Fname" />
        </property>
        <property name="lname" type="java.lang.String">
            <column name="Lname" />
        </property>
        <property name="gender" type="java.lang.String">
            <column name="Gender" />
        </property>
        <property name="address" type="java.lang.String">
            <column name="Address" />
        </property>
        <property name="pNum" type="int" access="field">
            <column name="Pnumber" />
        </property>
        <property name="position" type="java.lang.String">
            <column name="Position" />
        </property>
    </class>
</hibernate-mapping>
